approach,messages,concurrency,total_messages,repeat,mean_ms,min_ms,max_ms,p95_ms,total_ms,throughput_msg_per_s,client_wall_ms,server_peak_cpu_pct,server_mean_cpu_pct,server_peak_rss_mb
threading,10,1,10,1,0.1610,0.1155,0.2072,0.2072,1.7542,5700.6043,1206.6618,0.0000,0.0000,8.8516
threading,10,1,10,2,0.1660,0.1301,0.2101,0.2101,1.8942,5279.2736,1201.8920,0.0000,0.0000,9.0430
threading,10,1,10,3,0.2567,0.1870,0.3382,0.3382,2.7690,3611.4121,1169.9604,0.0000,0.0000,9.1680
threading,10,10,100,1,0.7673,0.1849,3.3770,2.0691,9.3952,10643.7330,1243.2272,0.0000,0.0000,10.1289
threading,10,10,100,2,0.4105,0.1344,1.8084,1.0167,5.9479,16812.6566,1197.3042,0.0000,0.0000,10.7227
threading,10,10,100,3,0.8713,0.1852,3.1137,1.6541,10.7293,9320.2725,1418.8248,0.0000,0.0000,12.2305
threading,10,50,500,1,2.9615,0.1476,25.2687,7.9353,62.9522,7942.5342,1350.6985,31.1779,2.2558,16.3750
threading,10,50,500,2,1.7740,0.1728,6.7237,4.4583,23.3764,21389.0933,1266.1457,0.0000,0.0000,17.4258
threading,10,50,500,3,1.3077,0.1154,9.4475,6.0046,22.4685,22253.3769,1189.8723,31.2766,2.6050,17.7031
threading,10,100,1000,1,2.4755,0.1162,4.7660,3.8702,31.2870,31962.1568,1209.3535,93.4269,5.1853,22.5273
threading,10,100,1000,2,4.2910,0.1846,18.1090,13.9443,58.1392,17200.0991,1403.1156,62.7053,5.5579,26.3086
threading,10,100,1000,3,3.3320,0.1362,11.9679,7.4697,44.2209,22613.7415,1128.9634,253.5775,13.6892,33.9453
threading,10,200,2000,1,3.8045,0.0919,24.7548,7.0378,58.3488,34276.6261,1412.4571,356.7908,14.9880,37.0547
threading,10,200,2000,2,3.2897,0.1138,18.8685,8.4590,48.7403,41033.8057,1493.4430,249.6360,14.5797,39.1016
threading,10,200,2000,3,4.1650,0.0911,10.0747,6.1671,56.1523,35617.4191,1342.3487,163.4349,9.4802,49.3789
threading,100,1,100,1,0.2549,0.1605,0.3519,0.3266,26.3356,3797.1415,1158.9757,0.0000,0.0000,49.3164
threading,100,1,100,2,0.2689,0.1806,0.4210,0.3402,27.6645,3614.7409,1506.3868,0.0000,0.0000,49.3164
threading,100,1,100,3,0.2974,0.1456,0.4169,0.3578,30.5280,3275.6813,1320.9374,0.0000,0.0000,49.3203
threading,100,10,1000,1,0.3813,0.1063,1.9476,0.5291,40.3765,24766.8817,1383.4464,470.0813,16.7886,49.3438
threading,100,10,1000,2,0.5681,0.1716,2.7960,0.8390,59.7566,16734.5532,1578.0780,217.0496,12.6185,49.3438
threading,100,10,1000,3,0.4657,0.0896,2.9435,0.8541,49.5370,20186.9310,1294.5808,281.3890,10.8227,49.3438
threading,100,50,5000,1,0.8674,0.0756,5.3294,1.3943,91.8087,54461.0696,1261.9206,186.4740,12.2655,50.5000
threading,100,50,5000,2,1.1430,0.0776,10.3997,2.3093,123.9827,40328.2071,1425.2431,400.9471,21.0196,56.3164
threading,100,50,5000,3,1.0726,0.0689,4.7607,1.9313,114.4894,43672.1653,1454.9521,338.4032,17.0134,60.2305
threading,100,100,10000,1,2.0456,0.0714,10.6006,3.9807,215.9953,46297.3037,1368.5246,435.2627,40.4054,60.2461
threading,100,100,10000,2,1.8170,0.0663,10.9561,3.1819,196.6538,50850.7845,1454.8680,402.0844,35.5254,29.9141
threading,100,100,10000,3,2.1604,0.0884,18.7857,4.1815,236.3400,42311.9235,2909.6334,460.9834,21.3999,27.4688
threading,100,200,20000,1,4.3519,0.0995,22.9900,6.8208,453.4651,44104.8275,2413.6504,472.9668,52.4349,39.8594
threading,100,200,20000,2,4.5233,0.0948,24.1630,6.8861,467.3599,42793.5730,1791.9850,801.1762,100.7285,63.0625
threading,100,200,20000,3,4.4674,0.0901,34.6331,7.9025,505.6126,39555.9763,1881.3318,541.1026,67.8779,63.0781
threading,1000,1,1000,1,0.2006,0.0842,0.8455,0.3142,205.5233,4865.6284,1222.4708,93.2689,9.1177,56.8203
threading,1000,1,1000,2,0.2722,0.0575,5.5411,0.4546,277.7301,3600.6180,1255.1411,62.9620,6.2348,57.0586
threading,1000,1,1000,3,0.3166,0.1560,0.6493,0.4168,324.5294,3081.3849,1375.8606,125.7705,17.8675,57.2852
threading,1000,10,10000,1,0.3745,0.0747,3.6644,0.6913,380.2228,26300.3692,1474.1093,253.1922,32.4062,59.3047
threading,1000,10,10000,2,0.2857,0.0659,2.1025,0.5836,290.6062,34410.8281,1453.6980,468.4979,49.5584,60.6719
threading,1000,10,10000,3,0.3122,0.0737,4.0195,0.5867,317.8162,31464.7271,1504.3580,472.1894,59.3703,61.4336
threading,1000,50,50000,1,1.0430,0.0669,82.4373,1.6276,1059.2534,47203.0583,2341.2248,740.5167,151.6865,61.4531
threading,1000,50,50000,2,0.9931,0.0656,12.1622,1.6528,1008.5756,49574.8658,2112.4695,622.4988,139.2058,37.5469
threading,1000,50,50000,3,0.9176,0.0569,8.7886,1.4422,931.6897,53665.9362,2219.9519,563.5324,119.6662,30.7578
threading,1000,100,100000,1,2.1776,0.0680,104.8779,3.7133,2255.6954,44332.2268,3795.1392,638.6629,178.9930,37.3633
threading,1000,100,100000,2,2.3347,0.0813,13.8887,3.6626,2358.1854,42405.4869,3692.1115,764.0916,215.2710,43.2969
threading,1000,100,100000,3,1.9951,0.0706,16.4427,3.1530,2012.9331,49678.7499,3411.4479,712.7967,205.9268,45.0234
threading,1000,200,200000,1,4.9629,0.0747,100.6721,8.4811,5005.9459,39952.4893,6278.1062,691.1382,268.8916,57.3633
threading,1000,200,200000,2,4.7552,0.0700,38.3938,7.8402,4804.0519,41631.5236,6354.2063,793.1147,238.2763,65.3906
threading,1000,200,200000,3,4.8839,0.0752,161.8516,7.9419,4922.9094,40626.3824,6291.6854,611.7961,263.7791,65.3359
async,10,1,10,1,0.4573,0.1590,1.8565,1.8565,4.8200,2074.6888,1153.1902,31.4950,4.0709,8.4805
async,10,1,10,2,0.3222,0.0892,1.9170,1.9170,3.3920,2948.1132,1369.0182,63.6429,8.1557,8.4961
async,10,1,10,3,0.3261,0.2674,0.4972,0.4972,3.5750,2797.2028,1132.5684,31.3041,2.7139,8.5625
async,10,10,100,1,1.1931,0.2026,9.1436,5.7735,14.8304,6742.9065,1499.0795,61.9800,9.2596,8.8164
async,10,10,100,2,1.2962,0.2146,8.7906,3.5035,17.9375,5574.9129,1282.7649,63.2742,7.2512,9.2461
async,10,10,100,3,0.3298,0.1082,2.6118,1.1986,4.7448,21075.7039,1240.4450,31.2374,2.4949,9.3125
async,10,50,500,1,2.4836,0.2598,9.8795,5.8268,38.1481,13106.8127,1309.9418,60.4557,9.5145,10.4492
async,10,50,500,2,1.5280,0.1490,5.7049,3.7218,20.8952,23928.9406,1337.9238,62.6847,6.9579,12.2461
async,10,50,500,3,1.5200,0.1189,7.4635,3.7153,24.0032,20830.5559,1343.4422,124.8118,20.8151,12.4375
async,10,100,1000,1,1.9566,0.0715,9.1177,3.4263,27.6217,36203.4198,1245.1338,93.2531,8.7127,13.3438
async,10,100,1000,2,1.7342,0.1579,8.1689,3.0027,29.8739,33474.0359,1203.4267,281.0488,18.1791,13.5586
async,10,100,1000,3,1.9256,0.1326,6.6638,3.6001,27.9055,35835.2296,761.5732,93.8647,10.4510,13.5977
async,10,200,2000,1,4.0049,0.1438,14.6690,7.5673,61.2864,32633.6675,1083.7025,322.2992,37.0195,14.0469
async,10,200,2000,2,4.6617,0.3799,18.2734,11.2069,73.9431,27047.8246,1511.1872,379.6407,29.1792,16.2500
async,10,200,2000,3,4.4121,0.2058,16.5159,7.7313,71.1680,28102.5180,1194.5351,156.0041,14.3711,16.9531
async,100,1,100,1,0.2792,0.1251,1.3214,0.4152,28.6619,3488.9522,1064.3781,31.2294,2.9674,16.9062
async,100,1,100,2,0.2829,0.1138,1.9844,0.3316,29.0574,3441.4641,1178.8034,62.8033,11.6723,16.9102
async,100,1,100,3,0.3221,0.1450,0.8715,0.4058,33.3411,2999.3012,1021.3022,31.3717,3.1329,16.9102
async,100,10,1000,1,0.4615,0.1437,2.5633,0.8169,51.3494,19474.4242,1250.6694,249.6939,22.4843,16.9141
async,100,10,1000,2,0.5170,0.0892,3.1211,1.1753,56.5650,17678.7766,1076.6274,349.1209,15.8691,16.9297
async,100,10,1000,3,0.3834,0.0736,3.0801,0.7167,41.8385,23901.4305,1315.1728,94.6668,7.2633,16.9297
async,100,50,5000,1,0.8634,0.0654,4.3252,1.5176,98.5231,50749.5197,1006.4334,285.0399,17.3427,17.1914
async,100,50,5000,2,1.0923,0.0732,11.2323,2.7920,120.4535,41509.7942,1084.4504,391.9880,47.4574,17.2930
async,100,50,5000,3,1.1116,0.0737,7.0114,2.3264,124.2556,40239.6351,1118.8055,406.6379,36.8973,17.2734
async,100,100,10000,1,1.6020,0.0825,10.6579,2.7036,178.1166,56142.9985,1668.2381,603.2230,50.1395,17.3906
async,100,100,10000,2,1.7623,0.0872,13.1523,3.2729,199.8426,50039.3810,1412.4904,445.2817,58.1021,18.1211
async,100,100,10000,3,1.9176,0.1000,9.0497,2.8994,218.2480,45819.4348,1186.5071,529.7064,76.5886,17.9141
async,100,200,20000,1,3.9532,0.1314,46.2813,8.8702,477.2941,41902.8855,1368.2487,414.7075,82.3352,18.0508
async,100,200,20000,2,3.1786,0.1097,30.4898,4.8982,359.5440,55626.0152,1548.5580,522.0079,76.7121,18.1602
async,100,200,20000,3,3.1157,0.0904,26.5233,5.9314,370.1096,54038.0471,1573.5019,507.5271,93.9626,18.3359
async,1000,1,1000,1,0.2595,0.0977,28.5552,0.3038,264.9029,3774.9681,1508.2597,94.1496,13.7348,18.2344
async,1000,1,1000,2,0.2296,0.0672,1.5536,0.4397,235.3703,4248.6244,1267.8095,94.5541,13.7167,18.2344
async,1000,1,1000,3,0.5544,0.1475,26.4296,0.9422,567.3769,1762.4969,1654.1167,155.5472,30.2848,18.2344
async,1000,10,10000,1,0.2289,0.0461,3.0487,0.4902,247.9796,40325.8978,1351.7095,436.5814,56.6885,18.2656
async,1000,10,10000,2,0.2406,0.0426,5.4623,0.6534,261.2577,38276.3838,1498.0893,558.9140,78.2459,17.9922
async,1000,10,10000,3,0.2370,0.0543,2.2632,0.5323,256.9772,38913.9581,1014.0453,471.6193,68.6745,18.0117
async,1000,50,50000,1,0.9174,0.0732,9.1279,1.4419,949.2437,52673.5126,1932.2141,918.3002,188.8258,18.2969
async,1000,50,50000,2,1.0291,0.0683,66.8058,1.5912,1119.6194,44658.0329,2220.3518,589.7433,160.4608,17.8594
async,1000,50,50000,3,0.9148,0.0750,6.1814,1.4122,932.3056,53630.4834,2086.8730,746.7888,191.2108,18.1602
async,1000,100,100000,1,2.0670,0.0748,38.6701,3.7657,2127.0161,47014.2187,3463.7858,687.2479,191.7988,18.1602
async,1000,100,100000,2,1.7661,0.0688,12.5513,2.7355,1834.9968,54496.0078,2831.1598,752.8594,237.5547,18.2383
async,1000,100,100000,3,1.7269,0.0687,17.5249,3.1146,1784.8456,56027.2552,2972.0500,707.0887,207.9255,18.3242
async,1000,200,200000,1,3.7534,0.0725,90.8260,6.6512,3897.6289,51313.2484,5193.5908,679.5251,235.1062,19.1914
async,1000,200,200000,2,3.6349,0.0754,29.0868,5.9590,3782.6541,52872.9286,5056.6320,786.7686,265.6145,19.3906
async,1000,200,200000,3,3.3202,0.0634,25.5452,5.3583,3458.5309,57828.0217,4807.3715,767.4460,222.9939,19.5508
async,100,500,50000,1,8.4914,0.0846,96.4386,15.7840,1024.2224,48817.5224,2203.5633,607.8708,163.8306,24.0586
async,100,500,50000,2,9.1217,0.0827,72.1258,15.0314,1023.3993,48856.7854,2454.3469,523.9001,133.0620,29.3477
async,100,500,50000,3,9.8431,0.0633,66.0846,18.3933,1202.1441,41592.3515,2560.8797,643.3598,142.7876,29.7656
grpc,10,1,10,1,2.4683,2.4182,2.8871,2.8871,8.7937,1137.1778,94.0058,0.0000,0.0000,12.3867
grpc,10,1,10,2,1.2904,1.2448,1.6807,1.6807,7.4866,1335.7198,59.0745,0.0000,0.0000,12.6641
grpc,10,1,10,3,0.9878,0.9418,1.3836,1.3836,8.4282,1186.4930,64.8894,0.0000,0.0000,12.8320
grpc,10,10,100,1,1.7016,0.6695,3.2580,2.8055,8.4449,11841.4664,62.5792,0.0000,0.0000,12.9336
grpc,10,10,100,2,1.7791,1.3374,2.7462,2.2214,7.8256,12778.5729,59.4371,0.0000,0.0000,13.1953
grpc,10,10,100,3,1.7160,1.0563,2.8277,2.2780,8.3185,12021.3981,61.3848,0.0000,0.0000,13.4766
grpc,10,50,500,1,6.4565,3.1590,8.5190,7.8208,15.0021,33328.6673,66.2923,0.0000,0.0000,13.8594
grpc,10,50,500,2,8.1598,6.5589,11.9603,9.2398,19.1435,26118.5259,82.2330,0.0000,0.0000,16.2578
grpc,10,50,500,3,7.6356,5.6589,11.9797,8.8477,25.2448,19806.0591,132.4584,62.0317,20.6772,16.5859
grpc,10,100,1000,1,10.0119,7.1626,16.1698,12.9624,27.0638,36949.7262,136.8026,0.0000,0.0000,17.5977
grpc,10,100,1000,2,9.1834,6.1715,15.0094,12.0198,22.7134,44026.8740,88.5220,124.1279,62.0639,17.8555
grpc,10,100,1000,3,10.1197,7.0519,15.2107,13.3919,23.0402,43402.4010,95.8999,0.0000,0.0000,18.0820
grpc,10,200,2000,1,10.2269,7.2207,15.9887,12.2508,21.9634,91060.5826,65.3703,0.0000,0.0000,18.1445
grpc,10,200,2000,2,9.7419,7.7890,14.7661,11.9675,21.7390,92000.5520,55.2197,0.0000,0.0000,18.5664
grpc,10,200,2000,3,10.3029,7.8518,14.9674,12.3309,19.2069,104129.2452,56.1318,0.0000,0.0000,18.3320
grpc,100,1,100,1,2.3826,1.7792,2.8170,2.7945,13.0474,7664.3622,56.0338,0.0000,0.0000,18.3047
grpc,100,1,100,2,1.5388,1.3347,2.1132,1.7018,12.0115,8325.3549,85.1095,30.8940,15.4470,17.7656
grpc,100,1,100,3,1.8104,1.7595,2.2526,1.8566,11.7904,8481.4765,90.0756,0.0000,0.0000,17.3633
grpc,100,10,1000,1,7.0637,1.6596,10.9751,8.7701,21.1624,47253.6196,92.9258,30.9148,15.4574,17.3750
grpc,100,10,1000,2,10.8791,9.7497,13.1860,12.4092,21.4147,46696.8951,96.6991,30.8629,15.4314,17.7109
grpc,100,10,1000,3,5.5871,4.0476,7.5316,6.9682,18.2424,54817.3486,91.3291,0.0000,0.0000,17.8281
grpc,100,50,5000,1,34.6780,24.8021,44.1488,41.2847,61.2173,81676.2582,132.6763,221.5392,73.8464,18.4922
grpc,100,50,5000,2,29.5462,16.5921,38.9640,37.1848,51.4776,97129.6253,100.4142,123.9123,61.9561,18.8594
grpc,100,50,5000,3,24.8298,17.6510,32.0938,28.6767,43.7487,114289.1103,96.6758,280.0341,140.0170,19.0547
grpc,100,100,10000,1,32.9287,16.4874,46.4053,40.9569,60.2577,165953.8947,137.4527,0.0000,0.0000,18.7852
grpc,100,100,10000,2,29.8310,16.3577,41.4987,37.0171,49.1029,203653.9593,82.0955,372.0268,186.0134,20.2891
grpc,100,100,10000,3,34.2548,1.1442,52.7217,42.0420,61.1943,163413.9127,115.5886,0.0000,0.0000,20.2891
grpc,100,200,20000,1,57.6057,27.2138,84.5189,72.5921,100.4758,199052.9063,154.0558,402.0653,134.0218,23.4844
grpc,100,200,20000,2,135.6200,32.1104,173.1816,163.7049,184.3667,108479.4597,215.1374,154.6035,79.7019,25.1875
grpc,100,200,20000,3,50.0663,26.9209,72.9915,63.8498,83.3720,239888.6916,117.2736,92.4979,46.2490,26.9648
grpc,1000,1,1000,1,1.9801,1.1873,2.6545,2.6360,9.1718,109029.8524,38.9242,0.0000,0.0000,27.2344
grpc,1000,1,1000,2,1.6396,1.4474,1.8788,1.8493,7.9362,126004.8890,38.2595,0.0000,0.0000,26.9141
grpc,1000,1,1000,3,1.9474,1.5482,2.2383,2.2092,8.4315,118602.8583,39.4270,0.0000,0.0000,26.2930
grpc,1000,10,10000,1,26.8763,1.3683,35.8032,33.3777,49.2435,203072.4867,79.9020,339.9070,169.9535,24.7852
grpc,1000,10,10000,2,23.2350,7.3259,31.6483,30.1503,43.8712,227939.9697,77.3623,246.8151,123.4075,21.0117
grpc,1000,10,10000,3,37.9612,23.0766,52.3847,47.4118,71.3795,140096.2461,119.9512,0.0000,0.0000,19.4805
grpc,1000,50,50000,1,113.3369,60.6440,151.8836,136.9073,185.8278,269066.3076,224.9277,703.8991,207.0641,26.3359
grpc,1000,50,50000,2,117.8070,60.2110,151.9615,143.4141,194.1409,257544.9068,227.6784,562.9706,168.9602,29.2969
grpc,1000,50,50000,3,114.7056,60.6349,155.4399,139.3168,187.5453,266602.2556,222.7369,642.1220,199.8294,31.5117
grpc,1000,100,100000,1,247.9808,126.1370,353.7113,299.7104,387.5306,258044.1390,429.5920,567.3391,245.3419,38.6367
grpc,1000,100,100000,2,234.3131,113.4629,328.5805,280.8292,367.5703,272056.8011,408.9767,590.7043,230.5142,43.1914
grpc,1000,100,100000,3,244.3307,126.6608,323.7095,293.6707,392.9491,254485.8863,435.4185,496.9240,215.1024,49.3750
grpc,1000,200,200000,1,490.9018,196.0009,718.0099,585.3140,756.2531,264461.7258,805.8218,630.0594,235.6210,69.0742
grpc,1000,200,200000,2,528.7883,279.8924,711.7224,626.8481,845.3867,236578.1245,912.3688,631.2634,220.0724,87.5625
grpc,1000,200,200000,3,533.5695,249.4364,780.6360,637.4945,820.4219,243777.0128,887.4614,502.6840,204.9074,89.4102
